<?xml version="1.0" encoding="UTF-8" standalone="yes"?>
<addon id="repository.snapcase" version="1.0.10" name="Snapcase Dev Repo" provider-name="zim514">
<extension point="xbmc.addon.metadata" name="Snapcase Repo">
  <summary lang="en_GB">Snapcase's Dev Repo</summary>
  <assets>
      <icon>icon.png</icon>
      <fanart>fanart.jpg</fanart>
  </assets>
  <summary lang="en_GB">Snapcase's Dev repo</summary>
  <description lang="en_GB">Development versions of Hue addon. Stable versions are in the official Kodi repository.</description>
  <disclaimer lang="en_GB">Use at your own risk</disclaimer>
  <platform>all</platform>
</extension>
<extension point="xbmc.addon.repository" name="Snapcase's Repo">
  <info>https://zim514.github.io/repo/addons.xml</info>
  <checksum>https://zim514.github.io/repo/addons.xml.md5</checksum>
  <datadir zip="true">https://zim514.github.io/repo/</datadir>
</extension>
</addon>