<addon id="script.service.hue" name="Hue Service" provider-name="zim514" version="0.7.9">
	<requires>
		<import addon="xbmc.python" version="2.26.0" />
		<import addon="script.module.requests" version="2.22.0" />
		<import addon="script.module.pil" />
        <!-- <import addon="script.module.pydevd"/> -->  
	</requires>
	<extension point="xbmc.service" name="service.hue" library="service.py" />
	<extension point="xbmc.python.script" library="menu.py">
		<provides>executable</provides>
	</extension>
	<extension point="xbmc.addon.metadata">
		<platform>all</platform>
		<license>MIT License</license>
		<assets>
			<icon>resources/icons/icon.png</icon>
			<fanart>resources/icons/fanart.jpg</fanart>
			<screenshot>resources/icons/fanart.jpg</screenshot>
		</assets>
		<source>https://github.com/zim514/script.service.hue</source>
		<forum>https://forum.kodi.tv/showthread.php?tid=344886</forum>
		<summary lang="en_GB">Automate Hue lights with Kodi playback</summary>
		<description lang="en_GB">Automate your Philips Hue lights with Kodi. Create multi-room scenes that run when you Play, Pause or Stop media playback. Create and delete multi-room scenes from add-on settings then select which to apply for different Playback events. Can use Hue's sunrise and sunset times to automatically disable the service during daytime and turn on the lights at sunset during playback. Includes experimental Ambilight support. Check forum for more information.</description>
		<disclaimer lang="en_GB">Automate Hue lights with Kodi playback</disclaimer>
		<news>v0.7.8:
- Various crash fixes
- Fix pause and stop 
v0.7.7:
- Fix Video activation conditions not being respected in some cases
v0.7.6:
- Fix ambilight activation at sunset not working.
v0.7.5:
- Fix ambilight breaking on bad render capture
v0.7.3:
- Fix daylight disable schedule
v0.7.0:
- Add video activation condition
- Many ambilight performance, bugs and algorithm improvements
- Better error handling
v0.6.10:
- Warn about V1 bridge incompatibility
- Color distance minimum setting
v0.6.7:
- Change some ambilight default settings to better values
- Change Hue NuPNP Discovery URL until SSL chain is fixed by Philips
- Fix Hue username not saving properly
- Make Hue capacity warning less annoying
v0.6.0: 
- Choice of fallback colour to replace blacks and whites
- Support multiple colours
v0.5.0:
- Experimental Ambilight support. See Forum for more information
		</news>
	</extension>
</addon>

