<addon id="script.service.hue" name="Hue Service" provider-name="zim514" version="0.9.1">
	<requires>
		<import addon="xbmc.python" version="2.26.0" />
		<import addon="script.module.requests" version="2.22.0" />
		<import addon="script.module.pil" />
        <!-- <import addon="script.module.pydevd"/> -->  
	</requires>
	<extension point="xbmc.service" name="service.hue" library="service.py" />
	<extension point="xbmc.python.script" library="menu.py">
		<provides>executable</provides>
	</extension>
	<extension point="xbmc.addon.metadata">
		<platform>all</platform>
		<license>MIT License</license>
		<assets>
			<icon>resources/icons/icon.png</icon>
			<fanart>resources/icons/fanart.jpg</fanart>
			<screenshot>resources/icons/fanart.jpg</screenshot>
		</assets>
		<source>https://github.com/zim514/script.service.hue</source>
		<forum>https://forum.kodi.tv/showthread.php?tid=344886</forum>
		<summary lang="en_GB">Automate Hue lights with Kodi playback</summary>
		<description lang="en_GB">Automate your Philips Hue lights with Kodi. Create multi-room scenes that run when you Play, Pause or Stop media playback. Create and delete multi-room scenes from add-on settings then select which to apply for different Playback events. Can use Hue's sunrise and sunset times to automatically disable the service during daytime and turn on the lights at sunset during playback. Includes experimental Ambilight support. Check forum for more information.</description>
		<disclaimer lang="en_GB">Automate Hue lights with Kodi playback</disclaimer>
		<news>v0.9.0:
- New ambilight algorithm (based on http://www.screenbloom.com/)
- Changing settings while video playing will no longer stop ambilight
v0.8.2:
- Ambilight algorithm fixes
- Enable video types without duration (TV, discs) when "other" is enabled.
v0.8.1:
- Add minimum colour proportion option for ambilight
- Fix colour sensitivity setting (renamed from colour distance)
- Ambilight algorithm performance improvements
- Fix ambilight being initialized when disabled
- Crash fix
- Improved logging
		</news>
	</extension>
</addon>

