<?xml version="1.0" encoding="UTF-8"?>
<addon id="repository.snapcase" version="1.0.4" name="Snapcase Repo" provider-name="zim514">
<extension point="xbmc.addon.metadata" name="Snapcase Repo">
  <summary lang="en">Snapcase's Repo</summary>
  <platform>all</platform>
</extension>
<extension point="xbmc.addon.repository" name="Snapcase's Repo">
  <info compressed="true">https://zim514.github.io/repo/addons.xml</info>
  <checksum>https://zim514.github.io/repo/addons.xml.md5</checksum>
  <datadir zip="true">https://zim514.github.io/repo/</datadir>
</extension>
</addon>