<?xml version="1.0" encoding="UTF-8" standalone="yes"?>
<addon id="script.module.pyrollbar"
       name="pyrollbar"
       version="0.15.2"
       provider-name="rollbar">
  <requires>
    <import addon="script.module.requests" version="2.3.0" optional="false"/>
    <import addon="script.module.six" version="1.9.0" optional="false"/>
  </requires>
  <extension point="xbmc.python.module"
             library="lib"/>
  <extension point="xbmc.addon.metadata">
    <summary>Error tracking and logging from Python to Rollbar</summary>
    <description>Python notifier for reporting exceptions, errors, and log messages to Rollbar.</description>
    <platform>all</platform>
    <license>MIT</license>
    <source>https://github.com/rollbar/pyrollbar</source>
    <website>https://rollbar.com/docs/notifier/pyrollbar</website>
  </extension>
</addon>
