<addon id="script.service.hue" name="Hue Service" provider-name="zim514" version="1.0.8">
	<requires>
		<import addon="xbmc.python" version="3.0.0" />
		<import addon="script.module.requests" version="2.25.1" />
		<import addon="script.module.pil" />
		<import addon="script.module.simplecache" version="2.0.2" />
		<import addon="script.module.pyrollbar" version="0.15.2" />
		<!-- <import addon="script.module.web-pdb" version="1.5.6"/> -->
	</requires>
	<extension point="xbmc.service" name="service.hue" library="service.py" />
	<extension point="xbmc.python.pluginsource" library="plugin.py">
		<provides>executable</provides>
	</extension>
	<extension point="xbmc.addon.metadata">
		<platform>all</platform>
		<license>MIT License</license>
		<assets>
			<icon>resources/icons/icon.png</icon>
			<fanart>resources/icons/fanart.jpg</fanart>
		</assets>
		<source>https://github.com/zim514/script.service.hue</source>
		<forum>https://forum.kodi.tv/showthread.php?tid=344886</forum>
		<news>v1.0.7
Maintenance/code clean-up

v1.0.6
Fix Qhue exception handling
Fix ambilight crash when lights are off

v1.0.4
Add Czech localisation

v1.0.3
Refactor logging system
Update localisation system and translations
Crash fixes
Update settings system</news>
		<summary lang="cs_CZ">Automatizace Hue světel s přehráváním Kodi</summary>
		<summary lang="da_DK">Automatiser Hue-lys sammen med afspilning i Kodi</summary>
		<summary lang="en_GB">Automate Hue lights with Kodi playback</summary>
		<description lang="cs_CZ">Ovládejte Hue světla automaticky pomocí Kodi. Vytvořte scény pro začátek, přestávku i ukončení přehrávání a nechte Kodi reagovat automaticky na Vaše akce. Je možné využít východ i západ slunce. Obsahuje podporu pro Ambilight.</description>
		<description lang="en_GB">Automate your Hue lights with Kodi. Create multi-room scenes that run when you Play, Pause or Stop media playback. Create and delete multi-room scenes from add-on settings then select which to apply for different Playback events. Can use Hue's sunrise and sunset times to automatically disable the service during daytime and turn on the lights at sunset during playback. Includes Ambilight support.</description>
		<disclaimer lang="cs_CZ">Vyžaduje Hue Bridge V2 (čtvercový). Ambilight není podporován na všech zařízeních.</disclaimer>
		<disclaimer lang="en_GB">Requires a Hue Bridge V2 (Square). Ambilight not available on all hardware.</disclaimer>
	</extension>
</addon>
