<addon id="script.service.hue" name="Hue Service" provider-name="zim514" version="0.11.3">
	<requires>
		<import addon="xbmc.python" version="2.26.0" />
		<import addon="script.module.requests" version="2.22.0" />
		<import addon="script.module.pil" />
		<import addon="script.module.simplecache" version="1.0.14" />
        <!-- <import addon="script.module.pydevd"/> -->
	</requires>
	<extension point="xbmc.service" name="service.hue" library="service.py" />
		<extension point="xbmc.python.pluginsource" library="plugin.py">
			<provides>executable</provides>
	</extension>
	<extension point="xbmc.addon.metadata">
		<platform>all</platform>
		<license>MIT License</license>
		<assets>
			<icon>resources/icons/icon.png</icon>
			<fanart>resources/icons/fanart.jpg</fanart>
			<screenshot>resources/icons/fanart.jpg</screenshot>
		</assets>
		<source>https://github.com/zim514/script.service.hue</source>
		<forum>https://forum.kodi.tv/showthread.php?tid=344886</forum>
		<summary lang="en_GB">Automate Hue lights with Kodi playback</summary>
		<description lang="en_GB">Automate your Philips Hue lights with Kodi. Create multi-room scenes that run when you Play, Pause or Stop media playback. Create and delete multi-room scenes from add-on settings then select which to apply for different Playback events. Can use Hue's sunrise and sunset times to automatically disable the service during daytime and turn on the lights at sunset during playback. Includes experimental Ambilight support. Check forum for more information.</description>
		<disclaimer lang="en_GB">Automate Hue lights with Kodi playback</disclaimer>
		<news>v0.11.2:
- Show correct daylight status in plugin
v0.11.1:
- Crash fix
v0.11:
- Add support for JSON RPC commands
v0.10:
- Add plug-in component
- Ambilight performance improvement
- Add simplecache
v0.9.5:
- Include performance information in settings window
- Fix saturation option and related settings
		</news>
	</extension>
</addon>

