<addon id="script.service.hue" name="Hue Service" provider-name="zim514" version="1.3.1">
    <requires>
        <import addon="xbmc.python" version="3.0.0"/>
        <import addon="script.module.requests" version="2.27.1"/>
        <import addon="script.module.pil"/>
        <import addon="script.module.simplecache" version="2.0.2"/>
        <import addon="script.module.pyrollbar" version="0.15.2"/>
        <import addon="script.module.qhue" version="2.0.1"/>
    </requires>
    <extension point="xbmc.service" name="service.hue" library="service.py"/>
    <extension point="xbmc.python.pluginsource" library="plugin.py">
        <provides>executable</provides>
    </extension>
    <extension point="xbmc.addon.metadata">
        <reuselanguageinvoker>true</reuselanguageinvoker>
        <platform>all</platform>
        <license>MIT</license>
        <assets>
            <icon>resources/icons/icon.png</icon>
            <fanart>resources/icons/fanart.jpg</fanart>
        </assets>
        <source>https://github.com/zim514/script.service.hue</source>
        <forum>https://forum.kodi.tv/showthread.php?tid=344886</forum>
        <news>v1.3
Refactor bridge connection
Fix and improve bridge discovery progress bar
Clean up localisation generation system
Weblate localisation update
        </news>
        <summary lang="ca_ES">Automatitza les llums Hue amb la reproducció de Kodi</summary>
        <summary lang="cs_CZ">Automatizace Hue světel s přehráváním Kodi</summary>
        <summary lang="da_DK">Automatiser Hue-lys sammen med afspilning i Kodi</summary>
        <summary lang="de_DE">Automatisiere Hue-Lichter mit der Kodi-Wiedergabe</summary>
        <summary lang="en_GB">Automate Hue lights with Kodi playback</summary>
        <summary lang="fi_FI">Ohjaa Hue-valoja automaattisesti Kodin toistolla</summary>
        <summary lang="it_IT">Automatizza le luci Hue con la riproduzione di Kodi</summary>
        <summary lang="ko_KR">Kodi 재생으로 Hue 조명 자동화</summary>
        <summary lang="zh_CN">Kodi 播放时自动调整 Hue 灯光</summary>
        <description lang="ca_ES">Automatitza les teves llums Hue amb Kodi. Creeu escenes en diverses habitacions que s&apos;executen al reproduir, posar en pausa o aturar la reproducció multimèdia. Crea i suprimeix escenes de diverses habitacions des de la configuració del complement i, a continuació, selecciona quina vols aplicar als diferents esdeveniments de reproducció. Pots utilitzar les hores de sortida i posta del sol de Hue per desactivar automàticament el servei durant el dia i encendre els llums al capvespre durant la reproducció. Inclou suport d&apos;Ambilight.</description>
        <description lang="cs_CZ">Ovládejte Hue světla automaticky pomocí Kodi. Vytvořte scény pro začátek, přestávku i ukončení přehrávání a nechte Kodi reagovat automaticky na Vaše akce. Je možné využít východ i západ slunce. Obsahuje podporu pro Ambilight.</description>
        <description lang="da_DK">Automatiser dine Hue-lys med Kodi. Opret scener i flere rum, der kører, når du afspiller, sætter på pause eller stopper medieafspilning. Opret og slet multirumsscener fra indstillinger og vælg derefter, hvilke der skal anvendes til forskellige afspilningstyper. Kan bruge Hues tider for solopgang og solnedgang til automatisk at deaktivere tjenesten i dagtimerne og tænde lysene ved solnedgang under afspilning. Inkluderer understøttelse af Ambilight.</description>
        <description lang="de_DE">Hue-Lichter mit Kodi automatisieren. Mehrraum-Szenen erstellen, die während der Wiedergabe, des Pausierens oder des Stoppens der Medienwiedergabe aktiv sind. Mehrraum-Szenen aus den Addon-Einstellungen heraus erstellen und löschen, dann auswählen, welche für verschiedene Wiedergabe-Ereignisse genutzt werden sollen. Kann Hues Sonnenaufgangs- und -untergangszeiten zum autmatischen Deaktivieren des Dienstes während der Tageszeit nutzen und die Lichter während der Wiedergabe bei Sonnenuntergang einschalten. Beinhaltet Ambilight-Unterstützung.</description>
        <description lang="en_GB">Automate your Hue lights with Kodi. Create multi-room scenes that run when you Play, Pause or Stop media playback. Create and delete multi-room scenes from add-on settings then select which to apply for different Playback events. Can use Hue&apos;s sunrise and sunset times to automatically disable the service during daytime and turn on the lights at sunset during playback. Includes Ambilight support.</description>
        <description lang="fi_FI">Automatisoi Hue-valosi Kodilla. Luo monihuonevalaistusasetuksia, jotka suoritetaan median toiston alkaessa, tauotessa tai päättyessä. Luo ja poista valaistusasetuksia lisäosan asetuksista ja valitse niiden käyttö ei toistotapahtumissa. Huen auringonnousu- ja -laskuaikoja voidaan hyödyntää palvelun automaattiseen käytöstä poistoon päiväsaikaan ja valojen sytytykseen auringon laskiessa toiston aikana. Sisältää myös Ambilight-tuen.</description>
        <description lang="it_IT">Automatizza le tue luci Hue con Kodi. Crea scene multi-stanza che vengono eseguite quando riproduci, metti in pausa o interrompi la riproduzione multimediale. Crea ed elimina scene multi-room dalle impostazioni del componente aggiuntivo, quindi seleziona quali applicare per diversi eventi di riproduzione. Può utilizzare gli orari di alba e tramonto di Hue per disabilitare automaticamente il servizio durante il giorno e accendere le luci al tramonto durante la riproduzione. Include il supporto Ambilight.</description>
        <description lang="ko_KR">Kodi로 Hue 조명을 자동화하세요. 미디어 재생을 재생, 일시 중지 또는 중지할 때 실행되는 멀티룸 장면을 만듭니다. 애드온 설정에서 멀티룸 장면을 만들거나 삭제하고 다른 재생 이벤트에 적용할 장면을 선택합니다. Hue의 일출 및 일몰 시간을 사용하여 주간에는 서비스를 자동으로 비활성화하고 재생 중에 일몰 시 조명을 켤 수 있습니다. Ambilight 지원이 포함됩니다.</description>
        <description lang="zh_CN">使用 Kodi 自动化 Hue 灯光。创建播放、暂停或停止媒体播放时运行的多房间场景。从插件设置中创建和删除多房间场景，然后选择要应用于不同播放事件的场景。可以使用 Hue 灯的日出和日落时间在白天自动禁用服务，并在日落后播放期间打开灯光。包括 Ambilight 支持。</description>
        <disclaimer lang="cs_CZ">Vyžaduje Hue Bridge V2 (čtvercový). Ambilight není podporován na všech zařízeních.</disclaimer>
        <disclaimer lang="da_DK">Kræver en Hue Bridge V2 (firkant). Ambilight er ikke tilgængelig på al hardware.</disclaimer>
        <disclaimer lang="de_DE">Erfordert eine Hue Bridge V2 (quadratisch). Ambilight-Unterstützung nicht mit jeder Hardware verfügbar.</disclaimer>
        <disclaimer lang="en_GB">Requires a Hue Bridge V2 (Square). Ambilight not available on all hardware.</disclaimer>
        <disclaimer lang="fi_FI">Vaatii Hue Silta V2 (nelikulmainen) -laitteen. Ambilight ei ole käytettävissä kaikilla laitteilla.</disclaimer>
        <disclaimer lang="it_IT">Richiede un Bridge Hue V2 (quadrato). Ambilight non disponibile su tutto l&apos;hardware.</disclaimer>
        <disclaimer lang="ko_KR">Hue Bridge V2(정사각형)가 필요합니다. 모든 하드웨어에서 Ambilight를 사용할 수 있는 것은 아닙니다.</disclaimer>
        <disclaimer lang="zh_CN">需要 Hue Bridge V2 桥接器（正方形）。并非所有硬件都支持环境光。</disclaimer>
    </extension>
</addon>
