<addon id="script.module.qhue" name="qhue" version="2.0.1" provider-name="Quentin Stafford-Fraser">
	<requires>
		<import addon="xbmc.python" version="3.0.0" />
	</requires>
	<extension point="xbmc.python.module" library="lib"/>
	<extension point="xbmc.addon.metadata">
		<license>MIT</license>
	    <summary lang="en_GB">A very lightweight Python wrapper to the Philips Hue API</summary>
	    <description lang="en_GB">A very lightweight Python wrapper to the Philips Hue API</description>
	    <platform>all</platform>
	    <forum>https://forum.kodi.tv/showthread.php?tid=170715</forum>
	    <website>https://github.com/quentinsf/qhue</website>
	    <source>https://github.com/quentinsf/qhue</source>
	</extension>
</addon>
