<?xml version="1.0" encoding="UTF-8"?>
<addon id="repository.snapcase" version="1.0.0" name="Snapcase's Repo" provider-name="zim514">
<extension point="xbmc.addon.metadata">
  <summary lang="en">Snapcase's Repo</summary>
  <description lang="en">Snapcase's Repo for Hue Service</description>
  <platform>all</platform>
</extension>
<extension point="xbmc.addon.repository" name="romanvm repository">
  <info compressed="false">https://zim514.github.io/repo/addons.xml</info>
  <checksum>https://zim514.github.io/repo/addons.xml.md5</checksum>
  <datadir zip="true">https://zim514.github.io/repo/</datadir>
</extension>
</addon>